,Unnamed: 0,Rk,G,Date,Age,Tm,Unnamed: 5,Opp,Unnamed: 7,GS,MP,FG,FGA,FG%,3P,3PA,3P%,FT,FTA,FT%,ORB,DRB,TRB,AST,STL,BLK,TOV,PF,PTS,GmSc,+/-
0,0,1,1.0,2014-10-28,24,ORL,@,NOP,L (-17),1,35,7,15,0.467,0,0,,1,2,0.5,5,18,23,1,1,4,1,2,15,18.5,-3
1,1,2,2.0,2014-10-30,24,ORL,,WAS,L (-7),1,38,11,21,0.524,0,0,,1,1,1.0,1,11,12,3,1,0,2,3,23,16.6,-4
2,2,3,3.0,2014-11-01,24,ORL,,TOR,L (-13),1,33,7,11,0.636,1,1,1.0,0,2,0.0,2,10,12,4,1,1,2,6,15,13.8,-24
3,3,4,4.0,2014-11-04,24,ORL,@,CHI,L (-8),1,40,9,22,0.409,1,1,1.0,0,0,,2,11,13,2,1,1,6,1,19,8.6,-7
4,4,5,5.0,2014-11-05,24,ORL,@,PHI,W (+2),1,36,8,16,0.5,0,0,,1,1,1.0,2,3,5,3,0,1,5,2,17,8.3,-5
5,5,6,6.0,2014-11-07,24,ORL,,MIN,W (+9),1,39,6,11,0.545,0,0,,2,2,1.0,3,6,9,3,1,1,4,6,14,10.0,12
6,6,7,7.0,2014-11-09,24,ORL,@,BRK,L (-8),1,32,13,19,0.684,0,0,,1,1,1.0,4,8,12,1,2,0,0,3,27,25.6,-12
7,7,8,8.0,2014-11-11,24,ORL,@,TOR,L (-4),1,41,8,16,0.5,0,0,,2,5,0.4,1,7,8,6,2,3,6,4,18,12.3,7
8,8,9,9.0,2014-11-12,24,ORL,@,NYK,W (+2),1,39,8,15,0.533,0,0,,4,4,1.0,2,11,13,2,0,0,3,4,20,14.2,2
9,9,10,10.0,2014-11-14,24,ORL,,MIL,W (+16),1,33,6,11,0.545,0,0,,6,8,0.75,5,4,9,4,1,1,5,2,18,15.3,8
10,10,11,11.0,2014-11-15,24,ORL,@,WAS,L (-5),1,36,6,10,0.6,0,0,,2,2,1.0,3,8,11,0,0,2,2,4,14,11.7,3
11,11,12,12.0,2014-11-17,24,ORL,@,DET,W (+14),1,38,10,18,0.556,0,0,,5,5,1.0,3,11,14,3,0,0,1,2,25,22.1,19
12,12,13,13.0,2014-11-19,24,ORL,,LAC,L (-24),1,31,8,14,0.571,0,0,,3,4,0.75,1,13,14,2,1,0,3,1,19,15.6,-10
13,13,14,14.0,2014-11-21,24,ORL,@,CHO,W (+5),1,35,6,15,0.4,0,0,,2,2,1.0,1,9,10,2,0,1,2,4,14,7.8,-2
14,14,15,15.0,2014-11-22,24,ORL,,MIA,L (-7),1,37,12,24,0.5,0,0,,9,11,0.818,11,6,17,1,0,1,0,2,33,30.3,-8
15,15,16,16.0,2014-11-24,24,ORL,@,CLE,L (-32),1,30,8,15,0.533,0,0,,2,2,1.0,6,7,13,0,1,0,4,2,18,13.2,-15
16,16,17,17.0,2014-11-26,24,ORL,,GSW,L (-15),1,30,4,15,0.267,0,0,,3,4,0.75,7,6,13,1,0,0,0,2,11,8.3,-18
17,17,18,18.0,2014-11-28,24,ORL,@,IND,L (-15),1,35,7,15,0.467,0,0,,2,2,1.0,2,5,7,0,1,3,2,0,16,12.3,-12
18,18,19,19.0,2014-11-30,24,ORL,@,PHO,W (+3),1,34,7,15,0.467,0,0,,4,6,0.667,3,5,8,0,1,1,4,4,18,9.2,-3
19,25,26,20.0,2014-12-13,24,ORL,,ATL,W (+1),1,35,9,13,0.692,0,0,,0,0,,2,9,11,0,0,1,1,2,18,15.5,9
20,26,27,21.0,2014-12-15,24,ORL,@,TOR,L (-13),1,35,6,13,0.462,0,0,,1,3,0.333,3,6,9,2,2,2,4,4,13,8.6,-8
21,27,28,22.0,2014-12-17,24,ORL,@,BOS,L (-17),1,31,9,19,0.474,0,0,,0,0,,6,7,13,2,0,0,1,2,18,14.2,-15
22,28,29,23.0,2014-12-19,24,ORL,,UTA,L (-7),1,34,8,14,0.571,0,0,,0,0,,1,8,9,3,0,0,0,4,16,13.0,-3
23,29,30,24.0,2014-12-21,24,ORL,,PHI,L (-8),1,38,8,14,0.571,0,0,,3,6,0.5,5,12,17,4,2,1,1,2,19,22.0,14
24,30,31,25.0,2014-12-23,24,ORL,,BOS,W (+5),1,33,8,12,0.667,0,0,,2,2,1.0,2,10,12,2,0,1,3,3,18,15.1,4
25,31,32,26.0,2014-12-26,24,ORL,,CLE,L (-9),1,35,6,10,0.6,0,0,,0,0,,0,8,8,7,0,0,1,3,12,12.5,-8
26,32,33,27.0,2014-12-27,24,ORL,@,CHO,W (+8),1,34,9,19,0.474,0,0,,4,4,1.0,2,9,11,3,1,0,0,2,22,18.7,-6
27,33,34,28.0,2014-12-29,24,ORL,@,MIA,W (+1),1,34,12,17,0.706,0,0,,2,3,0.667,3,6,9,3,0,1,0,1,26,24.8,-5
28,34,35,29.0,2014-12-30,24,ORL,,DET,L (-23),1,22,5,10,0.5,0,0,,0,0,,0,5,5,1,0,1,0,0,10,7.9,-3
29,35,36,30.0,2015-01-02,24,ORL,,BRK,L (-2),1,28,4,10,0.4,0,0,,2,4,0.5,2,2,4,2,1,0,1,1,10,6.8,-12
30,36,37,31.0,2015-01-03,24,ORL,,CHO,L (-8),1,35,8,16,0.5,0,0,,4,4,1.0,2,8,10,2,1,2,0,5,20,17.6,3
31,37,38,32.0,2015-01-07,24,ORL,@,DEN,L (-3),1,34,8,18,0.444,0,0,,4,6,0.667,3,8,11,2,1,0,1,5,20,13.7,1
32,38,39,33.0,2015-01-09,24,ORL,@,LAL,L (-17),1,28,6,12,0.5,0,0,,2,2,1.0,2,9,11,1,1,0,1,2,14,12.0,-18
33,39,40,34.0,2015-01-10,24,ORL,@,POR,L (-11),1,36,15,23,0.652,0,0,,4,6,0.667,8,8,16,2,0,0,5,4,34,25.9,-3
34,40,41,35.0,2015-01-12,24,ORL,@,CHI,W (+7),1,38,16,24,0.667,0,0,,1,5,0.2,0,11,11,4,0,0,1,4,33,24.5,6
35,41,42,36.0,2015-01-14,24,ORL,,HOU,W (+7),1,37,10,17,0.588,0,0,,5,5,1.0,5,7,12,3,3,1,1,3,25,26.3,14
36,42,43,37.0,2015-01-16,24,ORL,,MEM,L (-10),1,39,8,13,0.615,0,0,,2,2,1.0,1,8,9,0,0,0,3,3,18,11.0,-1
37,43,44,38.0,2015-01-18,24,ORL,,OKC,L (-28),1,26,7,19,0.368,0,0,,2,2,1.0,4,3,7,0,0,0,3,5,16,4.2,-22
38,44,45,39.0,2015-01-21,24,ORL,@,DET,L (-10),1,34,11,23,0.478,0,1,0.0,4,4,1.0,8,7,15,1,0,1,2,5,26,19.4,-22
39,45,46,40.0,2015-01-23,24,ORL,@,NYK,L (-7),1,38,16,22,0.727,0,0,,2,2,1.0,4,14,18,3,1,1,2,3,34,32.6,-1
40,46,47,41.0,2015-01-25,24,ORL,,IND,L (-7),1,34,11,17,0.647,0,0,,5,5,1.0,0,7,7,0,0,0,0,3,27,20.4,-14
41,47,48,42.0,2015-01-26,24,ORL,@,MEM,L (-9),1,39,6,13,0.462,0,0,,6,7,0.857,3,9,12,0,2,1,4,2,18,13.6,-7
42,48,49,43.0,2015-01-29,24,ORL,,MIL,L (-15),1,26,8,19,0.421,0,0,,1,1,1.0,8,6,14,1,0,0,3,4,17,10.4,-26
43,49,50,44.0,2015-01-31,24,ORL,,DAL,L (-15),1,30,8,13,0.615,0,0,,1,1,1.0,3,13,16,2,0,1,0,2,17,18.4,-13
44,50,51,45.0,2015-02-02,24,ORL,@,OKC,L (-7),1,28,9,16,0.563,0,0,,2,2,1.0,4,2,6,1,0,0,2,6,20,12.1,-20
45,51,52,46.0,2015-02-04,24,ORL,@,SAS,L (-7),1,34,11,17,0.647,0,0,,3,3,1.0,3,10,13,1,0,1,1,5,25,21.0,8
46,52,53,47.0,2015-02-06,24,ORL,,LAL,W (+6),1,41,11,21,0.524,0,0,,3,5,0.6,4,9,13,2,2,2,1,5,25,21.2,5
47,53,54,48.0,2015-02-08,24,ORL,,CHI,L (-1),1,32,5,14,0.357,0,0,,4,5,0.8,3,4,7,1,0,0,1,1,14,8.4,-5
48,54,55,49.0,2015-02-09,24,ORL,@,WAS,L (-16),1,33,6,10,0.6,0,0,,2,2,1.0,1,7,8,1,0,0,1,4,14,10.3,-14
49,55,56,50.0,2015-02-11,24,ORL,,NYK,W (+6),1,41,12,20,0.6,0,0,,4,6,0.667,2,16,18,0,0,0,4,3,28,19.0,12
50,56,57,51.0,2015-02-20,24,ORL,,NOP,W (+11),1,37,9,19,0.474,0,0,,0,0,,5,8,13,1,1,1,2,4,18,13.0,11
51,57,58,52.0,2015-02-22,24,ORL,,PHI,W (+5),1,38,14,24,0.583,0,0,,3,5,0.6,6,8,14,0,2,1,1,2,31,26.5,14
52,58,59,53.0,2015-02-25,24,ORL,,MIA,L (-3),1,41,10,21,0.476,0,0,,6,9,0.667,2,6,8,0,1,0,4,4,26,12.7,-11
53,59,60,54.0,2015-02-27,24,ORL,@,ATL,L (-7),1,37,10,16,0.625,0,0,,1,2,0.5,5,10,15,3,1,1,4,4,21,18.1,1
54,60,61,55.0,2015-03-01,24,ORL,,CHO,L (-15),1,31,4,12,0.333,0,0,,2,2,1.0,2,7,9,2,0,1,3,3,10,4.6,-23
55,61,62,56.0,2015-03-04,24,ORL,,PHO,L (-5),1,30,8,16,0.5,0,0,,2,2,1.0,1,4,5,2,3,1,1,1,18,15.6,3
56,64,65,57.0,2015-03-10,24,ORL,@,IND,L (-32),1,28,6,10,0.6,0,0,,1,2,0.5,1,4,5,2,2,0,1,1,13,11.9,2
57,65,66,58.0,2015-03-11,24,ORL,@,MIL,L (-6),1,39,9,20,0.45,0,0,,1,1,1.0,6,8,14,1,3,0,5,2,19,13.1,-6
58,66,67,59.0,2015-03-13,24,ORL,@,BOS,L (-7),1,37,7,17,0.412,0,0,,2,2,1.0,3,8,11,3,2,0,0,3,16,14.3,-8
59,67,68,60.0,2015-03-15,24,ORL,,CLE,L (-15),1,33,11,21,0.524,0,0,,0,1,0.0,9,6,15,3,0,1,1,2,22,20.4,-3
60,68,69,61.0,2015-03-17,24,ORL,@,HOU,L (-13),1,32,5,17,0.294,0,0,,1,3,0.333,3,8,11,3,1,2,3,3,11,5.1,-14
61,69,70,62.0,2015-03-18,24,ORL,@,DAL,L (-5),1,27,4,9,0.444,0,0,,4,4,1.0,3,6,9,1,1,1,2,3,12,10.4,-12
62,70,71,63.0,2015-03-20,24,ORL,,POR,W (+7),1,32,10,22,0.455,0,1,0.0,2,3,0.667,4,4,8,1,1,0,1,3,22,13.7,1
63,71,72,64.0,2015-03-22,24,ORL,,DEN,L (-19),1,27,9,14,0.643,0,0,,2,2,1.0,0,8,8,0,0,1,3,3,20,12.7,-18
64,72,73,65.0,2015-03-25,24,ORL,,ATL,L (-12),1,39,8,15,0.533,0,0,,0,0,,4,8,12,4,0,0,2,2,16,13.9,-10
65,73,74,66.0,2015-03-27,24,ORL,,DET,L (-14),1,33,10,18,0.556,0,0,,0,0,,3,11,14,1,0,1,1,3,20,16.0,-6
66,74,75,67.0,2015-04-01,24,ORL,,SAS,L (-12),1,33,8,21,0.381,0,1,0.0,0,0,,3,8,11,5,0,3,1,0,16,13.6,1
67,75,76,68.0,2015-04-03,24,ORL,@,MIN,W (+13),1,40,18,25,0.72,0,0,,1,4,0.25,7,10,17,2,1,0,2,2,37,33.0,14
68,76,77,69.0,2015-04-04,24,ORL,@,MIL,W (+7),1,34,10,17,0.588,0,0,,0,1,0.0,2,5,7,5,0,0,3,5,20,13.1,4
69,77,78,70.0,2015-04-08,24,ORL,,CHI,W (+2),1,37,9,16,0.563,0,0,,4,4,1.0,2,5,7,3,1,0,2,4,22,16.8,-2
70,78,79,71.0,2015-04-10,24,ORL,,TOR,L (-2),1,36,7,18,0.389,0,0,,2,2,1.0,3,1,4,3,1,1,1,4,16,9.8,-11
71,79,80,72.0,2015-04-11,24,ORL,,NYK,L (-1),1,33,5,14,0.357,0,0,,2,2,1.0,3,10,13,1,1,1,3,3,12,7.5,4
72,80,81,73.0,2015-04-13,24,ORL,@,MIA,L (-7),1,19,1,7,0.143,0,0,,1,2,0.5,2,2,4,2,0,0,0,3,3,0.3,-10
73,81,82,74.0,2015-04-15,24,ORL,@,BRK,L (-13),1,40,12,21,0.571,0,1,0.0,2,4,0.5,1,10,11,5,1,1,2,4,26,20.6,-7
74,82,1,1.0,2015-10-28,25,ORL,,WAS,L (-1),1,28,5,13,0.385,0,0,,0,0,,1,6,7,2,1,2,2,4,10,5.6,-10
75,83,2,2.0,2015-10-30,25,ORL,,OKC,L (-3),1,45,10,14,0.714,0,0,,6,8,0.75,3,4,7,0,1,5,1,5,26,24.2,3
76,84,3,3.0,2015-11-01,25,ORL,@,CHI,L (-5),1,34,6,12,0.5,0,0,,3,3,1.0,3,8,11,3,2,3,5,1,15,14.3,-2
77,85,4,4.0,2015-11-03,25,ORL,@,NOP,W (+9),1,34,10,21,0.476,0,0,,2,2,1.0,4,9,13,3,1,1,2,3,22,17.4,-4
78,86,5,5.0,2015-11-04,25,ORL,@,HOU,L (-5),1,17,3,6,0.5,0,0,,0,0,,0,2,2,2,0,1,0,1,6,5.3,3
79,90,9,6.0,2015-11-11,25,ORL,,LAL,W (+2),0,26,9,16,0.563,0,0,,0,0,,1,4,5,2,0,1,1,0,18,13.4,6
80,91,10,7.0,2015-11-13,25,ORL,,UTA,W (+9),1,29,8,14,0.571,0,0,,0,0,,2,7,9,5,1,1,2,2,16,15.3,20
81,92,11,8.0,2015-11-14,25,ORL,@,WAS,L (-9),1,36,8,18,0.444,0,0,,3,4,0.75,2,11,13,2,0,1,1,4,19,13.4,-18
82,93,12,9.0,2015-11-18,25,ORL,,MIN,W (+3),1,16,4,13,0.308,0,0,,0,0,,6,2,8,1,1,0,0,1,8,6.6,-10
83,94,13,10.0,2015-11-21,25,ORL,,SAC,L (-6),1,25,5,10,0.5,0,0,,1,2,0.5,4,7,11,2,1,0,1,3,11,10.7,-10
84,95,14,11.0,2015-11-23,25,ORL,@,CLE,L (-14),1,26,6,10,0.6,0,0,,0,0,,2,3,5,2,0,0,1,2,12,9.3,-34
85,96,15,12.0,2015-11-25,25,ORL,,NYK,W (+9),1,32,10,19,0.526,0,0,,2,2,1.0,8,4,12,2,1,2,2,4,22,19.7,1
86,97,16,13.0,2015-11-27,25,ORL,,MIL,W (+24),1,21,4,8,0.5,0,0,,1,1,1.0,3,3,6,1,1,1,2,3,9,7.2,11
87,98,17,14.0,2015-11-29,25,ORL,,BOS,W (+19),1,32,9,19,0.474,0,0,,0,0,,4,6,10,2,0,0,2,6,18,9.9,17
88,99,18,15.0,2015-12-01,25,ORL,@,MIN,W (+3),1,37,9,19,0.474,0,0,,0,0,,4,8,12,4,2,1,4,5,18,13.0,7
89,100,19,16.0,2015-12-03,25,ORL,@,UTA,W (+9),1,32,8,16,0.5,0,1,0.0,0,0,,4,4,8,3,2,1,3,1,16,13.4,7
90,101,20,17.0,2015-12-05,25,ORL,@,LAC,L (-2),1,30,4,10,0.4,0,0,,2,2,1.0,6,4,10,3,0,0,2,2,10,9.3,-13
91,102,21,18.0,2015-12-08,25,ORL,@,DEN,W (+11),1,34,9,14,0.643,0,0,,0,1,0.0,5,8,13,3,2,2,3,1,18,19.4,16
92,103,22,19.0,2015-12-09,25,ORL,@,PHO,L (-3),1,38,8,16,0.5,0,0,,5,5,1.0,4,7,11,2,0,0,1,4,21,16.7,-6
93,104,23,20.0,2015-12-11,25,ORL,,CLE,L (-35),1,22,6,10,0.6,1,1,1.0,1,2,0.5,2,1,3,3,1,0,2,1,14,11.4,-25
94,105,24,21.0,2015-12-14,25,ORL,@,BRK,W (+23),1,28,8,13,0.615,0,0,,2,2,1.0,2,4,6,4,0,1,1,3,18,16.0,14
95,106,25,22.0,2015-12-16,25,ORL,,CHO,W (+15),1,27,7,14,0.5,0,0,,0,2,0.0,1,7,8,4,1,0,1,1,14,11.4,11
96,107,26,23.0,2015-12-18,25,ORL,,POR,W (+8),1,35,12,22,0.545,0,0,,1,2,0.5,4,7,11,1,1,2,1,2,25,20.2,5
97,108,27,24.0,2015-12-20,25,ORL,,ATL,L (-3),1,34,10,19,0.526,0,0,,0,0,,4,7,11,4,1,0,1,2,20,17.6,5
98,109,28,25.0,2015-12-21,25,ORL,@,NYK,W (+8),1,36,13,19,0.684,0,0,,0,0,,2,7,9,2,0,1,1,2,26,21.7,6
99,110,29,26.0,2015-12-23,25,ORL,,HOU,W (+3),1,35,10,16,0.625,0,0,,1,2,0.5,2,4,6,3,0,1,1,2,21,17.0,10
100,111,30,27.0,2015-12-26,25,ORL,,MIA,L (-7),1,36,11,22,0.5,0,1,0.0,0,1,0.0,4,6,10,6,3,1,2,3,22,19.9,0
101,112,31,28.0,2015-12-28,25,ORL,,NOP,W (+15),1,37,14,21,0.667,0,1,0.0,0,1,0.0,0,8,8,7,0,0,2,2,28,23.0,14
102,113,32,29.0,2015-12-30,25,ORL,,BRK,W (+7),1,35,9,18,0.5,0,0,,2,2,1.0,5,4,9,3,0,0,2,4,20,14.2,17
103,114,33,30.0,2016-01-01,25,ORL,@,WAS,L (-12),1,32,7,16,0.438,0,1,0.0,0,0,,1,6,7,2,1,1,2,1,14,8.8,-12
104,115,34,31.0,2016-01-02,25,ORL,@,CLE,L (-25),1,13,2,5,0.4,0,0,,0,0,,0,3,3,1,0,0,1,4,4,0.3,-15
105,116,35,32.0,2016-01-04,25,ORL,@,DET,L (-26),1,24,8,15,0.533,0,0,,0,0,,1,2,3,3,0,0,0,1,16,11.7,-7
106,117,36,33.0,2016-01-06,25,ORL,,IND,L (-9),1,33,8,14,0.571,0,0,,1,2,0.5,1,3,4,1,2,0,2,3,17,11.1,-14
107,118,37,34.0,2016-01-08,25,ORL,@,BRK,W (+6),1,36,9,23,0.391,0,0,,2,2,1.0,6,4,10,4,2,1,2,1,20,16.0,11
108,119,38,35.0,2016-01-09,25,ORL,,WAS,L (-6),1,35,10,17,0.588,0,0,,3,4,0.75,3,6,9,5,1,0,2,3,23,19.9,-9
109,120,39,36.0,2016-01-14,25,ORL,,TOR,L (-3),1,39,8,22,0.364,0,1,0.0,1,1,1.0,2,9,11,4,0,3,1,4,17,11.2,1
110,121,40,37.0,2016-01-18,25,ORL,@,ATL,L (-17),1,27,4,10,0.4,0,0,,2,3,0.667,4,7,11,1,1,1,2,1,10,9.1,-14
111,122,41,38.0,2016-01-20,25,ORL,,PHI,L (-9),1,37,7,15,0.467,0,0,,1,2,0.5,2,9,11,1,2,1,2,2,15,11.6,-3
112,123,42,39.0,2016-01-22,25,ORL,,CHO,L (-4),1,39,6,17,0.353,0,0,,3,3,1.0,1,11,12,4,1,6,4,2,15,12.7,-8
113,124,43,40.0,2016-01-25,25,ORL,@,MEM,L (-6),1,39,8,17,0.471,0,0,,0,0,,3,11,14,3,0,2,5,3,16,10.0,-14
114,125,44,41.0,2016-01-26,25,ORL,@,MIL,L (-7),1,37,7,19,0.368,0,0,,2,2,1.0,4,8,12,2,0,2,1,5,16,10.5,-1
115,126,45,42.0,2016-01-29,25,ORL,@,BOS,L (-19),1,30,4,11,0.364,0,0,,6,6,1.0,2,6,8,4,0,1,2,1,14,12.2,-14
116,127,46,43.0,2016-01-31,25,ORL,,BOS,W (+5),1,35,6,17,0.353,0,0,,4,8,0.5,3,10,13,7,0,3,0,2,16,16.2,12
117,128,47,44.0,2016-02-01,25,ORL,@,SAS,L (-15),1,31,9,20,0.45,0,0,,2,2,1.0,5,5,10,3,1,1,0,4,20,16.8,-5
118,129,48,45.0,2016-02-03,25,ORL,@,OKC,L (-3),1,36,8,16,0.5,0,0,,0,0,,1,2,3,3,0,2,2,3,16,9.6,-8
119,130,49,46.0,2016-02-05,25,ORL,,LAC,L (-14),1,29,6,16,0.375,0,1,0.0,1,2,0.5,3,6,9,4,2,0,4,3,13,7.3,-13
120,131,50,47.0,2016-02-07,25,ORL,,ATL,W (+2),1,35,11,19,0.579,0,0,,0,0,,1,8,9,2,2,0,6,2,22,12.8,14
121,132,51,48.0,2016-02-08,25,ORL,@,ATL,W (+7),1,43,11,16,0.688,0,0,,6,8,0.75,4,9,13,6,0,1,1,4,28,28.2,2
122,133,52,49.0,2016-02-10,25,ORL,,SAS,L (-2),1,37,9,22,0.409,0,0,,2,2,1.0,4,9,13,5,1,2,3,4,20,15.0,1
123,134,53,50.0,2016-02-19,25,ORL,,DAL,W (+6),1,35,8,20,0.4,0,0,,5,5,1.0,3,10,13,3,1,2,4,2,21,15.0,10
124,135,54,51.0,2016-02-21,25,ORL,,IND,L (-3),1,35,8,15,0.533,0,0,,3,6,0.5,3,10,13,0,0,0,2,4,19,12.0,1
125,136,55,52.0,2016-02-23,25,ORL,@,PHI,W (+9),1,37,13,21,0.619,0,0,,9,9,1.0,3,6,9,4,0,1,1,1,35,31.5,10
126,137,56,53.0,2016-02-25,25,ORL,,GSW,L (-16),1,32,7,17,0.412,0,1,0.0,3,4,0.75,3,6,9,4,0,2,5,4,17,9.0,-3
127,138,57,54.0,2016-02-26,25,ORL,@,NYK,L (-13),1,28,8,16,0.5,0,0,,2,2,1.0,2,6,8,1,1,0,2,2,18,12.1,-4
128,139,58,55.0,2016-02-28,25,ORL,,PHI,W (+14),1,28,13,18,0.722,0,0,,2,3,0.667,2,4,6,1,1,0,4,6,28,18.1,6
129,140,59,56.0,2016-03-01,25,ORL,@,DAL,L (-13),1,24,8,16,0.5,0,0,,2,2,1.0,2,5,7,2,0,2,2,3,18,12.5,-12
130,141,60,57.0,2016-03-02,25,ORL,,CHI,W (+13),1,33,10,24,0.417,1,1,1.0,3,3,1.0,2,5,7,4,1,0,1,0,24,16.9,18
131,142,61,58.0,2016-03-04,25,ORL,,PHO,L (-18),1,30,7,19,0.368,0,0,,1,2,0.5,0,12,12,0,3,1,1,5,15,8.4,-11
132,143,75,59.0,2016-03-31,25,ORL,@,IND,W (+20),0,25,12,15,0.8,0,0,,0,1,0.0,1,5,6,1,0,1,1,1,24,20.1,14
133,144,76,60.0,2016-04-01,25,ORL,@,MIL,L (-3),0,22,10,13,0.769,0,0,,2,3,0.667,1,3,4,3,1,2,1,2,22,20.8,-4
134,145,77,61.0,2016-04-03,25,ORL,,MEM,W (+12),0,32,10,19,0.526,0,0,,5,7,0.714,3,9,12,3,2,1,3,3,25,20.3,12
135,146,78,62.0,2016-04-06,25,ORL,,DET,L (-4),0,27,7,14,0.5,0,0,,1,2,0.5,2,11,13,3,2,1,1,5,15,14.1,-9
136,147,79,63.0,2016-04-08,25,ORL,,MIA,W (+3),1,35,12,20,0.6,0,0,,5,6,0.833,3,3,6,1,1,2,1,3,29,23.3,0
137,148,80,64.0,2016-04-10,25,ORL,@,MIA,L (-22),1,30,9,17,0.529,0,0,,1,2,0.5,1,7,8,2,1,0,3,3,19,11.3,-17
138,150,82,65.0,2016-04-13,25,ORL,@,CHO,L (-14),1,20,8,13,0.615,0,0,,1,2,0.5,0,4,4,1,0,0,0,2,17,11.8,-3
139,151,1,1.0,2016-10-26,26,ORL,,MIA,L (-12),1,36,7,14,0.5,0,0,,3,4,0.75,5,9,14,3,2,0,1,3,17,17.7,0
140,152,2,2.0,2016-10-28,26,ORL,@,DET,L (-26),1,26,3,12,0.25,0,0,,1,2,0.5,4,10,14,3,1,0,1,0,7,7.3,-13
141,153,3,3.0,2016-10-29,26,ORL,@,CLE,L (-6),1,25,5,8,0.625,0,0,,1,2,0.5,2,7,9,1,0,0,4,2,11,6.4,-10
142,154,4,4.0,2016-11-01,26,ORL,@,PHI,W (+2),1,31,11,16,0.688,0,0,,2,3,0.667,5,9,14,4,1,1,1,4,24,24.9,21
143,155,5,5.0,2016-11-03,26,ORL,,SAC,W (+8),1,29,4,11,0.364,0,0,,2,6,0.333,4,5,9,3,2,0,3,2,10,6.9,0
144,156,6,6.0,2016-11-05,26,ORL,,WAS,W (+2),1,26,3,6,0.5,0,0,,0,2,0.0,2,7,9,1,0,1,0,1,6,6.7,-5
145,157,7,7.0,2016-11-07,26,ORL,@,CHI,L (-32),1,23,5,8,0.625,0,0,,1,2,0.5,0,6,6,5,1,0,0,2,11,12.5,-5
146,158,8,8.0,2016-11-09,26,ORL,,MIN,L (-16),1,30,11,19,0.579,1,1,1.0,1,2,0.5,6,8,14,6,0,1,0,3,24,25.0,-3
147,159,9,9.0,2016-11-11,26,ORL,,UTA,L (-13),1,26,2,12,0.167,0,1,0.0,0,0,,2,6,8,3,0,0,0,1,4,1.3,-16
148,160,10,10.0,2016-11-13,26,ORL,@,OKC,W (+2),1,19,2,10,0.2,0,0,,0,0,,4,3,7,3,0,0,0,4,4,2.0,11
149,161,11,11.0,2016-11-14,26,ORL,@,IND,L (-19),1,25,1,10,0.1,0,0,,0,0,,0,12,12,1,0,1,3,4,2,-4.2,-19
150,162,12,12.0,2016-11-16,26,ORL,,NOP,W (+7),1,27,5,12,0.417,0,0,,0,2,0.0,3,11,14,0,0,3,1,1,10,8.9,2
151,163,13,13.0,2016-11-19,26,ORL,,DAL,W (+8),1,26,5,16,0.313,0,1,0.0,2,2,1.0,1,11,12,1,0,0,1,0,12,6.5,8
152,164,14,14.0,2016-11-21,26,ORL,@,MIL,L (-4),1,28,4,12,0.333,0,1,0.0,0,0,,3,8,11,2,0,1,3,3,8,3.6,4
153,165,15,15.0,2016-11-23,26,ORL,,PHO,L (-5),1,29,10,15,0.667,0,0,,1,2,0.5,3,11,14,2,1,1,0,2,21,21.8,1
154,166,16,16.0,2016-11-25,26,ORL,,WAS,L (-3),1,35,8,16,0.5,1,2,0.5,0,0,,5,12,17,2,3,3,4,0,17,18.6,3
155,167,17,17.0,2016-11-27,26,ORL,,MIL,L (-8),0,30,7,15,0.467,1,3,0.333,2,2,1.0,3,13,16,3,0,1,0,4,17,16.5,-1
156,168,18,18.0,2016-11-29,26,ORL,@,SAS,W (+12),0,25,6,16,0.375,0,1,0.0,0,0,,3,7,10,0,2,1,2,3,12,6.9,6
157,169,19,19.0,2016-12-01,26,ORL,@,MEM,L (-1),0,30,6,15,0.4,1,3,0.333,5,5,1.0,2,9,11,0,0,3,1,1,18,14.7,-2
158,170,20,20.0,2016-12-02,26,ORL,@,PHI,W (+17),0,27,5,9,0.556,2,2,1.0,0,0,,0,11,11,5,1,1,1,3,12,14.0,20
159,171,21,21.0,2016-12-04,26,ORL,@,DET,W (+6),0,28,8,14,0.571,0,1,0.0,0,0,,0,8,8,2,0,2,1,0,16,13.6,12
160,172,22,22.0,2016-12-06,26,ORL,@,WAS,W (+8),0,25,4,9,0.444,0,2,0.0,2,2,1.0,3,7,10,6,1,0,0,3,10,13.5,4
161,173,23,23.0,2016-12-07,26,ORL,,BOS,L (-30),0,27,5,14,0.357,0,2,0.0,2,2,1.0,1,9,10,2,2,0,4,1,12,6.6,-8
162,174,24,24.0,2016-12-09,26,ORL,@,CHO,L (-21),0,23,3,10,0.3,0,0,,1,2,0.5,0,5,5,2,1,0,0,3,7,3.5,-14
163,178,28,25.0,2016-12-16,26,ORL,,BRK,W (+7),0,31,9,19,0.474,0,2,0.0,3,5,0.6,4,6,10,4,2,3,1,2,21,20.2,1
164,179,29,26.0,2016-12-18,26,ORL,,TOR,L (-30),0,25,5,12,0.417,0,0,,0,0,,5,4,9,1,0,0,1,2,10,7.2,-27
165,180,30,27.0,2016-12-20,26,ORL,@,MIA,W (+6),0,40,11,20,0.55,1,1,1.0,3,5,0.6,1,11,12,3,0,2,4,5,26,17.1,15
166,181,31,28.0,2016-12-22,26,ORL,@,NYK,L (-11),0,27,4,11,0.364,0,1,0.0,2,4,0.5,3,2,5,6,1,0,1,4,10,8.4,-15
167,182,32,29.0,2016-12-23,26,ORL,,LAL,W (+19),0,26,5,11,0.455,0,0,,1,2,0.5,0,7,7,3,1,1,2,3,11,7.6,11
168,183,33,30.0,2016-12-26,26,ORL,,MEM,W (+10),0,27,6,11,0.545,1,1,1.0,0,0,,0,9,9,1,0,1,1,3,13,9.6,9
169,184,34,31.0,2016-12-28,26,ORL,,CHO,L (-19),0,27,10,13,0.769,0,0,,1,2,0.5,0,5,5,4,3,1,2,3,21,20.3,-17
170,185,35,32.0,2017-01-01,26,ORL,@,IND,L (-13),0,30,9,18,0.5,0,2,0.0,0,0,,1,10,11,1,1,2,1,4,18,13.2,-4
171,186,36,33.0,2017-01-02,26,ORL,@,NYK,W (+12),0,31,7,11,0.636,0,0,,0,1,0.0,5,8,13,5,2,0,2,1,14,17.7,9
172,187,37,34.0,2017-01-04,26,ORL,,ATL,L (-19),0,30,5,13,0.385,0,1,0.0,0,0,,0,6,6,6,1,3,5,2,10,6.2,-6
173,188,38,35.0,2017-01-06,26,ORL,,HOU,L (-7),0,28,4,15,0.267,1,1,1.0,0,0,,5,7,12,1,0,1,3,3,9,2.9,-10
174,189,39,36.0,2017-01-08,26,ORL,@,LAL,L (-16),0,26,8,17,0.471,1,4,0.25,2,4,0.5,2,5,7,4,0,2,1,2,19,14.8,-7
175,190,40,37.0,2017-01-11,26,ORL,@,LAC,L (-9),1,32,8,16,0.5,0,2,0.0,0,0,,1,11,12,4,1,2,3,2,16,13.4,-9
176,191,41,38.0,2017-01-13,26,ORL,@,POR,W (+6),1,32,13,18,0.722,0,0,,4,4,1.0,1,9,10,4,1,2,1,1,30,29.8,12
177,192,42,39.0,2017-01-14,26,ORL,@,UTA,L (-7),1,33,7,15,0.467,1,3,0.333,0,0,,2,6,8,3,3,0,4,4,15,10.0,10
178,193,43,40.0,2017-01-16,26,ORL,@,DEN,L (-13),1,28,8,13,0.615,0,1,0.0,1,1,1.0,1,3,4,2,1,1,1,3,17,13.6,-12
179,194,44,41.0,2017-01-18,26,ORL,@,NOP,L (-20),1,26,4,9,0.444,0,0,,2,2,1.0,0,8,8,5,0,0,2,2,10,8.4,-7
180,195,45,42.0,2017-01-20,26,ORL,,MIL,W (+16),1,23,6,12,0.5,0,0,,1,2,0.5,4,2,6,2,0,0,1,3,13,9.2,-5
181,196,46,43.0,2017-01-22,26,ORL,,GSW,L (-20),1,24,6,8,0.75,0,0,,0,0,,1,3,4,1,2,1,0,2,12,13.0,-19
182,197,47,44.0,2017-01-24,26,ORL,,CHI,L (-8),1,32,8,16,0.5,0,1,0.0,4,5,0.8,2,6,8,2,2,0,3,1,20,14.8,6
183,198,48,45.0,2017-01-27,26,ORL,@,BOS,L (-30),1,23,7,10,0.7,0,1,0.0,0,0,,0,7,7,2,1,0,1,2,14,12.5,-19
184,199,49,46.0,2017-01-29,26,ORL,@,TOR,W (+1),1,33,9,17,0.529,3,4,0.75,4,4,1.0,2,8,10,5,0,4,2,4,25,23.2,-3
185,200,50,47.0,2017-01-30,26,ORL,@,MIN,L (-6),1,38,5,15,0.333,0,3,0.0,3,6,0.5,2,9,11,5,0,1,2,4,13,8.0,6
186,201,51,48.0,2017-02-01,26,ORL,,IND,L (-10),1,38,6,15,0.4,0,2,0.0,3,6,0.5,4,11,15,5,2,0,3,2,15,13.5,-1
187,202,52,49.0,2017-02-03,26,ORL,,TOR,W (+8),1,30,9,16,0.563,0,0,,0,2,0.0,2,3,5,3,1,1,4,2,18,10.9,9
188,203,53,50.0,2017-02-04,26,ORL,@,ATL,L (-27),1,24,4,10,0.4,0,0,,0,0,,0,7,7,2,2,0,0,3,8,6.9,-26
189,204,54,51.0,2017-02-07,26,ORL,@,HOU,L (-24),1,30,7,12,0.583,0,0,,0,0,,5,14,19,4,3,1,1,4,14,20.0,-3
190,205,55,52.0,2017-02-09,26,ORL,,PHI,L (-1),1,31,10,13,0.769,0,0,,1,3,0.333,1,10,11,3,1,2,4,3,21,18.1,-1
191,206,56,53.0,2017-02-11,26,ORL,@,DAL,L (-32),1,27,1,5,0.2,0,0,,1,2,0.5,2,8,10,1,0,1,1,1,3,3.3,-21
192,207,57,54.0,2017-02-13,26,ORL,@,MIA,W (+9),1,31,4,14,0.286,0,0,,5,8,0.625,4,13,17,3,3,0,1,2,13,13.6,2
193,208,58,55.0,2017-02-15,26,ORL,,SAS,L (-28),1,28,7,16,0.438,0,0,,2,2,1.0,1,9,10,0,0,1,3,2,16,7.9,-13
194,209,59,56.0,2017-02-23,26,ORL,,POR,L (-9),1,32,8,20,0.4,1,2,0.5,8,10,0.8,1,8,9,2,0,1,3,4,25,14.0,-17
195,210,60,57.0,2017-02-25,26,ORL,,ATL,W (+19),1,29,6,14,0.429,0,1,0.0,4,4,1.0,3,11,14,1,2,2,2,3,16,14.9,28
196,211,61,58.0,2017-03-01,26,ORL,,NYK,L (-11),1,27,6,16,0.375,0,0,,2,2,1.0,3,7,10,0,1,0,3,2,14,6.6,-19
197,212,62,59.0,2017-03-03,26,ORL,,MIA,W (+11),1,32,11,18,0.611,1,2,0.5,2,3,0.667,2,7,9,1,1,3,0,2,25,22.9,18
198,217,67,60.0,2017-03-11,26,ORL,,CLE,L (-12),1,28,9,19,0.474,0,1,0.0,2,4,0.5,6,9,15,0,0,1,2,5,20,13.1,-3
199,218,68,61.0,2017-03-13,26,ORL,@,SAC,L (-5),1,32,10,17,0.588,3,3,1.0,0,0,,3,6,9,4,2,2,2,2,23,22.4,1
200,219,69,62.0,2017-03-16,26,ORL,@,GSW,L (-30),1,25,4,12,0.333,0,2,0.0,2,3,0.667,2,6,8,4,1,0,0,1,10,9.4,-28
201,220,70,63.0,2017-03-17,26,ORL,@,PHO,W (+6),1,32,8,20,0.4,0,2,0.0,2,2,1.0,6,11,17,2,3,0,2,2,18,16.3,15
202,221,71,64.0,2017-03-20,26,ORL,,PHI,W (+3),1,37,10,23,0.435,0,1,0.0,6,6,1.0,5,8,13,2,2,0,0,2,26,22.4,0
203,222,72,65.0,2017-03-22,26,ORL,,CHO,L (-7),1,30,6,12,0.5,0,2,0.0,2,2,1.0,2,10,12,8,1,3,1,2,14,19.3,1
204,223,73,66.0,2017-03-24,26,ORL,,DET,W (+28),1,26,8,14,0.571,0,1,0.0,0,0,,2,6,8,6,1,1,2,1,16,16.1,28
205,224,74,67.0,2017-03-27,26,ORL,@,TOR,L (-19),1,29,5,11,0.455,0,1,0.0,2,2,1.0,3,12,15,4,0,0,1,2,12,13.0,-8
206,225,75,68.0,2017-03-29,26,ORL,,OKC,L (-8),1,33,3,14,0.214,0,0,,5,8,0.625,2,14,16,1,1,2,0,3,11,8.7,-5
207,226,76,69.0,2017-03-31,26,ORL,@,BOS,L (-1),1,27,4,13,0.308,0,0,,0,0,,3,4,7,2,1,0,0,3,8,5.0,-2
208,227,77,70.0,2017-04-01,26,ORL,@,BRK,L (-10),1,32,13,20,0.65,1,2,0.5,0,0,,4,7,11,1,1,1,3,4,27,20.9,10
209,228,78,71.0,2017-04-04,26,ORL,@,CLE,L (-20),1,24,3,9,0.333,0,0,,0,0,,1,9,10,2,1,1,1,2,6,5.6,-22
210,229,79,72.0,2017-04-06,26,ORL,,BRK,W (+8),1,34,9,18,0.5,0,1,0.0,0,0,,0,12,12,5,1,0,0,2,18,16.3,18
211,230,80,73.0,2017-04-08,26,ORL,,IND,L (-15),1,31,4,12,0.333,0,1,0.0,0,0,,0,10,10,5,3,1,1,2,8,9.6,-5
212,231,81,74.0,2017-04-10,26,ORL,@,CHI,L (-47),1,27,6,14,0.429,1,1,1.0,1,2,0.5,5,5,10,2,0,1,2,1,14,10.9,-23
213,232,82,75.0,2017-04-12,26,ORL,,DET,W (+4),1,27,8,15,0.533,2,2,1.0,0,0,,1,10,11,1,2,2,0,4,18,16.9,11
214,233,1,1.0,2017-10-18,26,ORL,,MIA,W (+7),1,32,6,12,0.5,0,3,0.0,7,8,0.875,2,10,12,1,2,2,1,1,19,19.7,11
215,234,2,2.0,2017-10-20,26,ORL,@,BRK,L (-5),1,35,17,22,0.773,6,8,0.75,1,2,0.5,1,11,12,3,0,0,4,5,41,32.1,15
216,235,3,3.0,2017-10-21,26,ORL,@,CLE,W (+21),1,28,11,16,0.688,1,3,0.333,0,0,,1,6,7,5,1,3,0,2,23,24.5,28
217,236,4,4.0,2017-10-24,27,ORL,,BRK,W (+4),1,32,6,17,0.353,0,5,0.0,0,0,,0,9,9,1,0,3,1,1,12,6.6,16
218,237,5,5.0,2017-10-27,27,ORL,,SAS,W (+27),1,23,6,9,0.667,3,3,1.0,0,0,,1,1,2,3,0,2,3,1,15,12.2,17
219,238,6,6.0,2017-10-29,27,ORL,@,CHO,L (-7),1,33,6,17,0.353,2,8,0.25,1,2,0.5,2,8,10,3,1,0,1,4,15,9.4,-13
220,239,7,7.0,2017-10-30,27,ORL,@,NOP,W (+16),1,32,9,17,0.529,1,2,0.5,1,2,0.5,0,8,8,3,0,0,0,2,20,15.0,5
221,240,8,8.0,2017-11-01,27,ORL,@,MEM,W (+2),1,32,3,11,0.273,1,3,0.333,0,0,,1,4,5,4,1,0,4,3,7,1.0,9
222,241,9,9.0,2017-11-03,27,ORL,,CHI,L (-22),1,29,6,11,0.545,2,3,0.667,0,0,,0,3,3,2,1,0,5,2,14,6.2,-11
223,242,10,10.0,2017-11-05,27,ORL,,BOS,L (-16),1,32,6,15,0.4,1,4,0.25,0,0,,1,9,10,7,2,0,0,0,13,15.2,-5
224,243,11,11.0,2017-11-08,27,ORL,,NYK,W (+13),1,33,9,16,0.563,3,6,0.5,3,3,1.0,1,4,5,1,4,1,1,2,24,21.9,16
225,244,12,12.0,2017-11-10,27,ORL,@,PHO,W (+16),1,26,6,13,0.462,3,6,0.5,4,4,1.0,1,6,7,2,0,1,1,2,19,15.1,16
226,245,13,13.0,2017-11-11,27,ORL,@,DEN,L (-18),1,24,4,12,0.333,0,3,0.0,0,1,0.0,2,4,6,2,0,0,2,4,8,1.2,-18
227,246,14,14.0,2017-11-13,27,ORL,@,GSW,L (-10),1,27,7,13,0.538,2,5,0.4,4,4,1.0,0,5,5,4,1,0,0,1,20,18.6,-4
228,247,15,15.0,2017-11-15,27,ORL,@,POR,L (-5),1,31,5,11,0.455,1,4,0.25,0,0,,0,10,10,4,0,0,3,1,11,7.7,-9
229,248,16,16.0,2017-11-18,27,ORL,,UTA,L (-40),1,24,3,11,0.273,2,3,0.667,0,0,,1,1,2,1,3,2,1,2,8,5.8,-7
230,249,17,17.0,2017-11-20,27,ORL,,IND,L (-8),1,29,11,19,0.579,3,6,0.5,0,0,,7,6,13,2,1,1,4,4,25,20.3,-9
231,250,18,18.0,2017-11-22,27,ORL,@,MIN,L (-6),1,34,5,13,0.385,1,4,0.25,0,0,,1,13,14,4,0,1,4,4,11,6.4,0
232,251,19,19.0,2017-11-24,27,ORL,@,BOS,L (-15),1,21,6,13,0.462,0,2,0.0,0,0,,5,6,11,2,3,1,1,2,12,13.9,-11
233,252,20,20.0,2017-11-25,27,ORL,@,PHI,L (-19),1,33,5,15,0.333,0,4,0.0,4,6,0.667,1,13,14,3,1,0,1,2,14,10.6,-1
234,253,21,21.0,2017-11-27,27,ORL,@,IND,L (-12),1,37,7,17,0.412,2,5,0.4,0,0,,3,9,12,3,0,3,3,5,16,10.9,-13
235,254,22,22.0,2017-11-29,27,ORL,,OKC,W (+13),1,31,7,13,0.538,0,4,0.0,1,2,0.5,0,7,7,7,0,0,0,3,15,14.1,14
236,255,23,23.0,2017-12-01,27,ORL,,GSW,L (-21),1,26,3,7,0.429,0,1,0.0,0,0,,2,5,7,2,0,0,0,1,6,6.2,-13
237,256,24,24.0,2017-12-03,27,ORL,@,NYK,W (+5),1,35,13,19,0.684,1,4,0.25,7,7,1.0,2,10,12,3,0,2,1,5,34,30.8,11
238,257,25,25.0,2017-12-04,27,ORL,@,CHO,L (-10),1,27,5,12,0.417,0,3,0.0,0,0,,1,7,8,5,2,2,2,4,10,9.7,-10
239,258,26,26.0,2017-12-06,27,ORL,,ATL,W (+4),1,40,9,19,0.474,2,7,0.286,2,2,1.0,5,11,16,4,2,4,2,3,22,23.5,12
240,259,27,27.0,2017-12-08,27,ORL,,DEN,L (-14),1,32,10,19,0.526,1,5,0.2,0,0,,4,13,17,2,1,4,4,1,21,19.2,-13
241,260,28,28.0,2017-12-09,27,ORL,@,ATL,L (-7),1,38,13,18,0.722,4,6,0.667,1,1,1.0,2,11,13,10,1,1,2,3,31,33.8,-1
242,261,29,29.0,2017-12-13,27,ORL,,LAC,L (-11),1,31,7,16,0.438,0,2,0.0,0,0,,2,10,12,3,4,2,2,1,14,15.1,-2
243,262,30,30.0,2017-12-15,27,ORL,,POR,L (-7),1,35,12,20,0.6,2,5,0.4,0,0,,3,11,14,1,1,1,3,3,26,20.4,-2
244,263,31,31.0,2017-12-17,27,ORL,@,DET,L (-4),1,36,10,20,0.5,4,6,0.667,0,0,,3,11,14,7,1,2,2,2,24,23.9,6
245,264,32,32.0,2017-12-20,27,ORL,@,CHI,L (-18),1,31,8,21,0.381,0,4,0.0,2,2,1.0,1,9,10,5,0,0,2,4,18,9.8,-13
246,265,33,33.0,2017-12-22,27,ORL,,NOP,L (-14),1,28,7,20,0.35,0,3,0.0,7,8,0.875,5,3,8,2,2,0,3,2,21,13.4,-26
247,266,34,34.0,2017-12-23,27,ORL,@,WAS,L (-27),1,5,0,1,0.0,0,0,,1,2,0.5,0,0,0,1,0,0,1,1,1,-0.8,-3
248,267,58,35.0,2018-02-22,27,ORL,,NYK,L (-7),1,24,8,11,0.727,2,3,0.667,1,3,0.333,1,5,6,1,2,2,1,2,19,18.2,-1
249,268,59,36.0,2018-02-24,27,ORL,@,PHI,L (-11),1,30,6,13,0.462,1,4,0.25,2,2,1.0,0,9,9,3,2,2,3,1,15,13.1,-1
250,269,60,37.0,2018-02-26,27,ORL,@,OKC,L (-7),1,33,6,13,0.462,3,5,0.6,0,0,,3,4,7,3,1,2,3,5,15,11.1,6
251,270,61,38.0,2018-02-28,27,ORL,,TOR,L (-13),1,29,7,13,0.538,0,3,0.0,0,0,,2,4,6,3,0,0,2,3,14,9.2,-19
252,271,62,39.0,2018-03-02,27,ORL,,DET,W (+9),1,38,9,19,0.474,0,5,0.0,4,4,1.0,3,9,12,6,0,1,4,2,22,17.2,12
253,272,63,40.0,2018-03-03,27,ORL,,MEM,W (+7),1,28,8,14,0.571,1,2,0.5,2,5,0.4,1,5,6,2,0,1,0,3,19,14.3,4
254,273,64,41.0,2018-03-05,27,ORL,@,UTA,L (-14),1,32,6,11,0.545,3,3,1.0,0,0,,0,12,12,3,0,1,5,4,15,9.5,-18
255,274,65,42.0,2018-03-07,27,ORL,@,LAL,L (-1),1,35,11,18,0.611,1,4,0.25,1,1,1.0,2,10,12,6,0,2,1,4,24,23.2,16
256,275,66,43.0,2018-03-09,27,ORL,@,SAC,L (-6),1,33,5,11,0.455,0,2,0.0,3,4,0.75,0,5,5,3,0,1,3,1,13,7.8,-8
257,276,67,44.0,2018-03-10,27,ORL,@,LAC,L (-8),1,30,8,20,0.4,1,4,0.25,0,0,,1,9,10,2,1,1,2,5,17,8.7,3
258,277,68,45.0,2018-03-13,27,ORL,@,SAS,L (-36),1,24,5,14,0.357,0,2,0.0,0,0,,3,7,10,1,0,0,4,2,10,2.3,-25
259,278,69,46.0,2018-03-14,27,ORL,,MIL,W (+9),1,33,8,14,0.571,1,2,0.5,5,5,1.0,1,8,9,9,4,0,4,2,22,24.0,10
260,279,70,47.0,2018-03-16,27,ORL,,BOS,L (-9),1,29,6,14,0.429,0,3,0.0,0,0,,1,3,4,2,0,1,0,5,12,6.3,-8
261,280,71,48.0,2018-03-20,27,ORL,,TOR,L (-7),1,32,7,19,0.368,1,2,0.5,0,0,,1,8,9,3,3,0,1,2,15,10.9,-6
262,281,72,49.0,2018-03-22,27,ORL,,PHI,L (-20),1,22,3,11,0.273,1,2,0.5,0,0,,1,3,4,1,1,0,1,3,7,1.6,-25
263,282,73,50.0,2018-03-24,27,ORL,,PHO,W (+6),1,36,11,26,0.423,0,5,0.0,2,2,1.0,7,4,11,3,1,1,2,3,24,16.9,21
264,283,74,51.0,2018-03-28,27,ORL,,BRK,L (-7),1,31,11,21,0.524,1,3,0.333,1,1,1.0,4,11,15,5,0,0,3,2,24,19.5,-3
265,284,75,52.0,2018-03-30,27,ORL,,CHI,L (-8),1,31,5,16,0.313,0,4,0.0,2,2,1.0,3,11,14,3,1,2,1,4,12,10.1,-3
266,285,76,53.0,2018-04-01,27,ORL,@,ATL,L (-6),1,31,3,19,0.158,0,3,0.0,4,4,1.0,2,12,14,3,2,3,0,2,10,8.3,9
267,286,77,54.0,2018-04-03,27,ORL,@,NYK,W (+24),1,20,4,6,0.667,0,1,0.0,3,4,0.75,1,9,10,4,0,1,2,1,11,12.5,7
268,289,80,55.0,2018-04-08,27,ORL,@,TOR,L (-11),1,23,5,10,0.5,0,1,0.0,0,0,,1,8,9,3,2,1,0,1,10,12.5,1
269,290,81,56.0,2018-04-09,27,ORL,@,MIL,L (-16),1,29,8,17,0.471,0,0,,1,1,1.0,1,9,10,7,0,2,3,4,17,13.4,-5
270,291,82,57.0,2018-04-11,27,ORL,,WAS,W (+9),1,12,1,5,0.2,0,1,0.0,0,0,,1,3,4,3,1,0,0,0,2,3.6,3
271,292,1,1.0,2018-10-17,27,ORL,,MIA,W (+3),1,28,4,12,0.333,0,0,,4,5,0.8,2,6,8,4,1,0,4,2,12,7.0,-17
272,293,2,2.0,2018-10-19,27,ORL,,CHO,L (-32),1,22,6,11,0.545,0,0,,0,0,,3,5,8,4,0,4,2,1,12,13.5,-24
273,294,3,3.0,2018-10-20,27,ORL,@,PHI,L (-1),1,38,10,15,0.667,4,4,1.0,3,3,1.0,4,9,13,12,2,0,2,2,27,33.6,12
274,295,4,4.0,2018-10-22,27,ORL,@,BOS,W (+3),1,33,11,18,0.611,1,2,0.5,1,2,0.5,3,9,12,1,3,0,0,1,24,23.5,10
275,296,5,5.0,2018-10-25,28,ORL,,POR,L (-14),1,31,10,16,0.625,2,3,0.667,2,2,1.0,3,8,11,3,2,1,3,5,24,21.1,-10
276,297,6,6.0,2018-10-27,28,ORL,@,MIL,L (-22),1,21,7,10,0.7,0,0,,2,2,1.0,3,6,9,1,1,1,3,4,16,13.5,-12
277,298,7,7.0,2018-10-30,28,ORL,,SAC,L (-8),1,27,5,11,0.455,0,2,0.0,5,6,0.833,5,10,15,5,1,1,3,1,15,17.2,-3
278,299,8,8.0,2018-11-02,28,ORL,,LAC,L (-25),1,32,10,21,0.476,1,3,0.333,1,2,0.5,2,9,11,3,0,3,1,1,22,17.8,-16
279,300,9,9.0,2018-11-04,28,ORL,@,SAS,W (+7),1,32,6,11,0.545,0,1,0.0,1,3,0.333,0,8,8,3,1,1,0,1,13,12.7,7
280,301,10,10.0,2018-11-05,28,ORL,,CLE,W (+2),1,27,6,13,0.462,1,2,0.5,1,2,0.5,2,8,10,1,1,2,2,0,14,11.8,-5
281,302,11,11.0,2018-11-07,28,ORL,,DET,L (-7),1,34,6,14,0.429,0,3,0.0,2,2,1.0,0,9,9,4,0,1,4,5,14,6.8,9
282,303,12,12.0,2018-11-09,28,ORL,,WAS,W (+9),1,31,10,16,0.625,1,2,0.5,0,0,,4,10,14,3,1,2,2,2,21,21.3,12
283,304,13,13.0,2018-11-11,28,ORL,@,NYK,W (+26),1,26,10,17,0.588,1,3,0.333,0,0,,4,10,14,1,1,1,2,1,21,18.9,18
284,305,14,14.0,2018-11-12,28,ORL,@,WAS,L (-8),1,32,8,17,0.471,1,3,0.333,0,0,,4,7,11,3,1,0,2,2,17,13.5,0
285,306,15,15.0,2018-11-14,28,ORL,,PHI,W (+5),1,39,10,19,0.526,3,6,0.5,7,8,0.875,0,8,8,4,2,0,1,1,30,26.1,21
286,307,16,16.0,2018-11-17,28,ORL,,LAL,W (+13),1,31,15,23,0.652,2,5,0.4,4,5,0.8,4,9,13,0,2,0,3,1,36,29.6,12
287,308,17,17.0,2018-11-18,28,ORL,,NYK,W (+14),1,32,10,15,0.667,2,3,0.667,6,6,1.0,4,6,10,9,0,2,3,2,28,30.0,14
288,309,18,18.0,2018-11-20,28,ORL,,TOR,L (-2),1,34,6,12,0.5,0,3,0.0,2,2,1.0,3,15,18,4,0,0,3,2,14,13.6,8
289,310,19,19.0,2018-11-23,28,ORL,@,DEN,L (-25),1,28,7,14,0.5,0,2,0.0,2,2,1.0,2,6,8,0,1,0,2,1,16,10.8,-9
290,311,20,20.0,2018-11-25,28,ORL,@,LAL,W (+4),1,36,10,20,0.5,3,8,0.375,8,8,1.0,2,13,15,7,2,3,3,2,31,31.5,16
291,312,21,21.0,2018-11-26,28,ORL,@,GSW,L (-6),1,33,12,21,0.571,1,4,0.25,5,6,0.833,4,8,12,6,1,0,1,4,30,27.5,-8
292,313,22,22.0,2018-11-28,28,ORL,@,POR,L (-3),1,29,8,12,0.667,2,2,1.0,2,2,1.0,0,8,8,7,0,2,1,6,20,20.1,-7
293,314,23,23.0,2018-11-30,28,ORL,@,PHO,W (+14),1,32,11,20,0.55,2,5,0.4,1,2,0.5,1,14,15,3,1,1,2,3,25,20.5,15
294,315,24,24.0,2018-12-04,28,ORL,@,MIA,W (+15),1,33,8,16,0.5,2,5,0.4,1,2,0.5,3,7,10,3,1,0,1,1,19,16.5,31
295,316,25,25.0,2018-12-05,28,ORL,,DEN,L (-6),1,37,11,19,0.579,2,4,0.5,0,0,,1,14,15,4,0,0,1,2,24,21.0,-9
296,317,26,26.0,2018-12-07,28,ORL,,IND,L (-22),1,26,9,17,0.529,1,4,0.25,3,3,1.0,2,8,10,2,0,0,2,1,22,16.5,-8
297,318,27,27.0,2018-12-10,28,ORL,@,DAL,L (-25),1,26,4,15,0.267,0,1,0.0,0,0,,2,14,16,4,2,1,3,1,8,6.8,-14
298,319,28,28.0,2018-12-13,28,ORL,,CHI,W (+6),1,33,11,21,0.524,3,6,0.5,1,2,0.5,2,8,10,2,2,1,2,2,26,20.4,-3
299,320,29,29.0,2018-12-15,28,ORL,,UTA,W (+7),1,30,5,14,0.357,1,3,0.333,4,4,1.0,2,17,19,5,0,2,2,3,15,15.4,3
300,322,31,30.0,2018-12-21,28,ORL,@,CHI,L (-10),1,37,8,19,0.421,1,5,0.2,2,2,1.0,5,14,19,4,0,4,0,3,19,21.0,3
301,323,32,31.0,2018-12-23,28,ORL,,MIA,L (-24),1,29,3,12,0.25,0,1,0.0,2,5,0.4,5,2,7,0,0,1,3,1,8,1.0,-23
302,324,33,32.0,2018-12-26,28,ORL,,PHO,L (-2),1,39,10,20,0.5,2,5,0.4,0,0,,3,10,13,2,2,0,4,1,22,16.1,1
303,325,34,33.0,2018-12-28,28,ORL,,TOR,W (+29),1,33,12,17,0.706,0,1,0.0,6,8,0.75,4,15,19,8,2,1,1,1,30,36.3,33
304,326,35,34.0,2018-12-30,28,ORL,,DET,W (+2),1,34,10,15,0.667,0,2,0.0,2,2,1.0,2,9,11,4,1,2,3,2,22,21.0,5
305,327,36,35.0,2018-12-31,28,ORL,@,CHO,L (-25),1,23,5,13,0.385,1,3,0.333,1,4,0.25,1,4,5,2,1,2,0,2,12,8.6,-15
306,328,37,36.0,2019-01-02,28,ORL,@,CHI,W (+28),1,26,10,15,0.667,1,1,1.0,1,3,0.333,2,10,12,3,2,3,2,2,22,22.5,22
307,329,38,37.0,2019-01-04,28,ORL,@,MIN,L (-17),1,27,10,16,0.625,1,4,0.25,1,1,1.0,2,5,7,3,1,1,1,2,22,19.7,-16
308,330,39,38.0,2019-01-06,28,ORL,@,LAC,L (-10),1,32,7,17,0.412,2,5,0.4,0,0,,4,20,24,8,0,2,3,1,16,19.3,-12
309,331,40,39.0,2019-01-07,28,ORL,@,SAC,L (-16),1,25,7,14,0.5,1,2,0.5,3,4,0.75,2,11,13,3,1,1,1,1,18,17.7,-11
310,332,41,40.0,2019-01-09,28,ORL,@,UTA,L (-13),1,31,8,17,0.471,3,4,0.75,1,2,0.5,1,7,8,3,2,0,2,4,20,14.2,-2
311,333,42,41.0,2019-01-12,28,ORL,,BOS,W (+2),1,30,7,18,0.389,0,4,0.0,2,4,0.5,2,11,13,5,0,0,4,0,16,9.6,-21
312,334,43,42.0,2019-01-13,28,ORL,,HOU,W (+7),1,35,9,16,0.563,1,3,0.333,3,4,0.75,2,7,9,6,1,0,2,4,22,19.1,15
313,335,44,43.0,2019-01-16,28,ORL,@,DET,L (-5),1,38,11,22,0.5,2,4,0.5,0,1,0.0,4,9,13,3,1,0,2,1,24,18.8,-1
314,336,45,44.0,2019-01-18,28,ORL,,BRK,L (-2),1,33,7,20,0.35,1,3,0.333,1,1,1.0,6,11,17,6,0,1,0,0,16,17.2,-13
315,337,46,45.0,2019-01-19,28,ORL,,MIL,L (-10),1,30,11,24,0.458,2,5,0.4,3,3,1.0,1,5,6,4,0,2,0,0,27,21.0,-1
316,338,47,46.0,2019-01-21,28,ORL,@,ATL,W (+19),1,35,12,23,0.522,1,3,0.333,4,4,1.0,3,11,14,2,0,2,0,1,29,25.5,8
317,339,48,47.0,2019-01-23,28,ORL,@,BRK,L (-4),1,33,9,20,0.45,1,3,0.333,2,2,1.0,3,11,14,5,2,4,4,3,21,19.1,9
318,340,49,48.0,2019-01-25,28,ORL,,WAS,L (-4),1,31,12,17,0.706,1,3,0.333,3,5,0.6,2,7,9,1,1,0,3,5,28,20.3,-9
319,341,50,49.0,2019-01-27,28,ORL,@,HOU,L (-5),1,34,8,19,0.421,0,2,0.0,3,4,0.75,8,9,17,5,2,1,4,4,19,17.4,3
320,342,51,50.0,2019-01-29,28,ORL,,OKC,L (-9),1,34,12,20,0.6,1,2,0.5,2,2,1.0,2,9,11,5,1,2,3,1,27,24.4,7
321,343,52,51.0,2019-01-31,28,ORL,,IND,W (+7),1,35,8,15,0.533,1,2,0.5,0,0,,2,8,10,5,0,0,3,3,17,12.8,-2
322,344,53,52.0,2019-02-02,28,ORL,,BRK,W (+13),1,32,12,22,0.545,0,0,,0,0,,2,10,12,4,1,3,2,1,24,21.3,20
323,345,54,53.0,2019-02-05,28,ORL,@,OKC,L (-10),1,34,8,18,0.444,1,2,0.5,0,0,,1,8,9,5,1,0,4,2,17,10.4,-16
324,346,55,54.0,2019-02-07,28,ORL,,MIN,W (+10),1,31,9,16,0.563,1,2,0.5,2,2,1.0,3,7,10,3,0,2,1,1,21,19.7,8
325,347,56,55.0,2019-02-09,28,ORL,@,MIL,W (+20),1,26,7,16,0.438,1,4,0.25,0,0,,3,14,17,5,0,1,1,0,15,16.1,11
326,348,57,56.0,2019-02-10,28,ORL,@,ATL,W (+16),1,29,8,13,0.615,1,2,0.5,2,2,1.0,4,8,12,3,0,1,1,2,19,19.3,15
327,349,58,57.0,2019-02-12,28,ORL,@,NOP,W (+30),1,27,10,18,0.556,1,3,0.333,4,5,0.8,3,14,17,3,2,0,0,1,25,26.0,29
328,350,59,58.0,2019-02-14,28,ORL,,CHO,W (+38),1,26,7,13,0.538,1,2,0.5,2,3,0.667,2,9,11,4,1,1,2,2,17,16.1,16
329,351,60,59.0,2019-02-22,28,ORL,,CHI,L (-1),1,29,9,16,0.563,0,1,0.0,1,4,0.25,4,9,13,7,2,2,2,3,19,20.8,4
330,352,61,60.0,2019-02-24,28,ORL,@,TOR,W (+15),1,31,10,17,0.588,3,4,0.75,0,0,,3,9,12,4,2,1,0,1,23,25.0,5
331,353,62,61.0,2019-02-26,28,ORL,@,NYK,L (-5),1,34,12,19,0.632,2,2,1.0,0,0,,4,7,11,6,1,3,1,2,26,27.9,6
332,354,63,62.0,2019-02-28,28,ORL,,GSW,W (+7),1,30,4,15,0.267,1,2,0.5,3,4,0.75,2,11,13,6,0,2,2,2,12,10.2,6
333,355,64,63.0,2019-03-02,28,ORL,@,IND,W (+5),1,32,11,19,0.579,0,3,0.0,5,7,0.714,3,5,8,3,2,1,0,2,27,24.9,-5
334,356,65,64.0,2019-03-03,28,ORL,@,CLE,L (-14),1,36,13,16,0.813,0,0,,2,2,1.0,3,10,13,6,2,2,3,2,28,30.9,3
335,357,66,65.0,2019-03-05,28,ORL,@,PHI,L (-8),1,34,5,15,0.333,0,1,0.0,2,2,1.0,4,8,12,2,1,0,2,2,12,8.3,-6
336,358,67,66.0,2019-03-08,28,ORL,,DAL,W (+5),1,35,8,17,0.471,1,2,0.5,3,4,0.75,4,9,13,6,2,1,3,2,20,19.5,0
337,359,68,67.0,2019-03-10,28,ORL,@,MEM,L (-8),1,35,10,24,0.417,1,6,0.167,5,6,0.833,4,6,10,3,1,1,2,3,26,18.0,-16
338,360,69,68.0,2019-03-13,28,ORL,@,WAS,L (-10),1,35,9,17,0.529,0,0,,2,2,1.0,3,11,14,2,1,1,3,3,20,16.0,5
339,361,70,69.0,2019-03-14,28,ORL,,CLE,W (+29),1,27,9,15,0.6,0,0,,1,1,1.0,1,10,11,2,2,0,1,0,19,18.2,21
340,362,71,70.0,2019-03-17,28,ORL,,ATL,W (+10),1,34,10,20,0.5,0,3,0.0,7,7,1.0,4,16,20,3,3,0,2,2,27,26.9,6
341,363,72,71.0,2019-03-20,28,ORL,,NOP,W (+23),1,26,5,14,0.357,1,3,0.333,4,4,1.0,5,12,17,3,0,3,3,1,15,15.1,27
342,364,73,72.0,2019-03-22,28,ORL,,MEM,W (+4),1,41,12,23,0.522,0,4,0.0,1,2,0.5,2,2,4,3,2,2,0,2,25,20.0,-1
343,365,74,73.0,2019-03-25,28,ORL,,PHI,W (+21),1,29,11,21,0.524,2,5,0.4,4,4,1.0,2,9,11,4,0,0,0,0,28,24.6,14
344,366,75,74.0,2019-03-26,28,ORL,@,MIA,W (+5),1,34,10,18,0.556,2,5,0.4,2,2,1.0,3,13,16,5,1,1,2,2,24,23.8,21
345,367,76,75.0,2019-03-28,28,ORL,@,DET,L (-17),1,33,5,15,0.333,0,2,0.0,2,2,1.0,1,11,12,4,1,0,4,3,12,6.1,-13
346,368,77,76.0,2019-03-30,28,ORL,@,IND,W (+5),1,32,8,18,0.444,0,3,0.0,3,4,0.75,0,2,2,2,2,0,3,2,19,9.4,-7
347,369,78,77.0,2019-04-01,28,ORL,@,TOR,L (-12),1,26,5,14,0.357,2,3,0.667,1,2,0.5,3,10,13,3,0,0,2,2,13,9.2,-13
348,370,79,78.0,2019-04-03,28,ORL,,NYK,W (+14),1,33,11,21,0.524,1,3,0.333,6,8,0.75,5,8,13,3,0,1,3,4,29,22.0,-4
349,371,80,79.0,2019-04-05,28,ORL,,ATL,W (+36),1,30,9,13,0.692,2,4,0.5,5,6,0.833,4,7,11,4,1,0,2,3,25,24.6,39
350,372,81,80.0,2019-04-07,28,ORL,@,BOS,W (+8),1,34,12,22,0.545,1,4,0.25,0,0,,5,7,12,4,1,2,3,3,25,21.0,19
351,373,1,1.0,2019-04-13,28,ORL,@,TOR,W (+3),1,33,3,14,0.214,1,3,0.333,4,4,1.0,1,7,8,3,0,1,1,1,11,6.6,2
352,374,2,2.0,2019-04-16,28,ORL,@,TOR,L (-29),1,25,3,7,0.429,0,1,0.0,0,2,0.0,1,5,6,3,0,1,4,3,6,1.3,-19
353,375,3,3.0,2019-04-19,28,ORL,,TOR,L (-5),1,39,7,13,0.538,2,5,0.4,6,6,1.0,3,11,14,6,1,3,5,1,22,23.0,-5
354,376,4,4.0,2019-04-21,28,ORL,,TOR,L (-22),1,32,5,14,0.357,0,2,0.0,1,2,0.5,2,3,5,2,1,0,2,4,11,3.9,-19
355,377,5,5.0,2019-04-23,28,ORL,@,TOR,L (-19),1,17,3,10,0.3,0,2,0.0,0,0,,2,5,7,1,0,0,1,3,6,1.6,-25
356,378,1,1.0,2019-10-23,28,ORL,,CLE,W (+9),1,34,8,16,0.5,1,5,0.2,4,5,0.8,1,9,10,3,1,0,1,0,21,18.1,2
357,379,2,2.0,2019-10-26,29,ORL,@,ATL,L (-4),1,31,7,19,0.368,0,4,0.0,2,2,1.0,4,6,10,1,1,1,2,3,16,9.3,-8
358,380,3,3.0,2019-10-28,29,ORL,@,TOR,L (-9),1,25,1,13,0.077,1,3,0.333,2,2,1.0,3,9,12,2,0,0,0,1,5,2.1,-6
359,381,4,4.0,2019-10-30,29,ORL,,NYK,W (+12),1,34,8,17,0.471,2,4,0.5,3,4,0.75,4,9,13,4,1,1,1,2,21,20.1,24
360,382,5,5.0,2019-11-01,29,ORL,,MIL,L (-32),1,25,6,12,0.5,0,3,0.0,2,2,1.0,1,6,7,2,2,1,2,2,14,11.8,-3
361,383,6,6.0,2019-11-02,29,ORL,,DEN,L (-4),1,34,10,16,0.625,1,4,0.25,3,3,1.0,2,5,7,2,0,1,2,4,24,18.2,-3
362,384,7,7.0,2019-11-05,29,ORL,@,OKC,L (-8),1,34,4,15,0.267,0,3,0.0,2,2,1.0,3,9,12,2,0,2,1,1,10,7.3,-16
363,385,8,8.0,2019-11-06,29,ORL,@,DAL,L (-1),1,33,7,15,0.467,1,3,0.333,4,5,0.8,1,10,11,7,1,1,2,2,19,18.4,5
364,386,9,9.0,2019-11-08,29,ORL,,MEM,W (+32),1,32,9,16,0.563,1,3,0.333,4,5,0.8,3,13,16,6,2,1,1,0,23,26.9,27
365,387,10,10.0,2019-11-10,29,ORL,,IND,L (-7),1,35,8,17,0.471,2,5,0.4,0,0,,3,14,17,3,1,2,2,4,18,16.5,-6
366,388,11,11.0,2019-11-13,29,ORL,,PHI,W (+15),1,34,11,18,0.611,2,4,0.5,1,2,0.5,2,10,12,2,0,0,1,3,25,20.0,14
367,389,12,12.0,2019-11-15,29,ORL,,SAS,W (+2),1,37,4,16,0.25,1,1,1.0,1,2,0.5,4,9,13,4,0,3,2,2,10,7.6,18
368,390,13,13.0,2019-11-17,29,ORL,,WAS,W (+4),1,33,11,14,0.786,3,4,0.75,5,5,1.0,7,10,17,6,0,1,3,3,30,33.2,10
369,391,14,14.0,2019-11-20,29,ORL,@,TOR,L (-16),1,11,1,7,0.143,1,4,0.25,0,0,,3,2,5,5,0,1,0,0,3,5.4,1
370,392,26,15.0,2019-12-15,29,ORL,@,NOP,W (+11),1,29,8,15,0.533,2,5,0.4,2,2,1.0,1,8,9,2,1,0,2,2,20,15.4,0
371,393,27,16.0,2019-12-17,29,ORL,@,UTA,L (-7),1,33,4,15,0.267,2,8,0.25,2,2,1.0,1,10,11,4,0,0,0,2,12,8.8,-7
372,394,28,17.0,2019-12-18,29,ORL,@,DEN,L (-9),1,33,7,16,0.438,1,4,0.25,5,6,0.833,2,5,7,5,0,1,0,2,20,17.5,-7
373,395,29,18.0,2019-12-20,29,ORL,@,POR,L (-15),1,33,9,20,0.45,0,3,0.0,5,7,0.714,4,8,12,1,6,2,0,2,23,24.3,-23
374,396,30,19.0,2019-12-23,29,ORL,,CHI,W (+8),1,31,9,17,0.529,2,3,0.667,1,5,0.2,2,5,7,2,0,2,1,1,21,15.4,0
375,397,31,20.0,2019-12-27,29,ORL,,PHI,W (+1),1,32,7,16,0.438,2,6,0.333,0,0,,3,9,12,7,0,0,0,3,16,16.1,0
376,398,32,21.0,2019-12-28,29,ORL,@,MIL,L (-11),1,32,7,16,0.438,5,10,0.5,2,2,1.0,0,8,8,4,3,2,1,1,21,20.8,3
377,399,33,22.0,2019-12-30,29,ORL,,ATL,L (-8),1,35,12,19,0.632,2,4,0.5,1,2,0.5,1,5,6,1,2,0,0,4,27,21.4,1
378,400,34,23.0,2020-01-01,29,ORL,@,WAS,W (+21),1,31,8,20,0.4,3,6,0.5,1,2,0.5,2,10,12,2,1,0,1,2,20,13.8,18
379,401,35,24.0,2020-01-03,29,ORL,,MIA,W (+20),1,33,7,17,0.412,2,6,0.333,4,4,1.0,3,8,11,7,0,1,2,1,20,18.6,6
380,402,36,25.0,2020-01-04,29,ORL,,UTA,L (-13),1,33,9,19,0.474,3,8,0.375,1,3,0.333,5,8,13,2,0,2,1,2,22,18.4,-12
381,403,37,26.0,2020-01-06,29,ORL,,BRK,W (+12),1,31,3,12,0.25,1,1,1.0,4,4,1.0,5,19,24,4,0,0,2,4,11,12.2,18
382,404,38,27.0,2020-01-08,29,ORL,,WAS,W (+34),1,28,12,20,0.6,2,6,0.333,3,4,0.75,2,7,9,2,2,1,1,2,29,25.2,32
383,405,39,28.0,2020-01-10,29,ORL,@,PHO,L (-4),1,33,8,21,0.381,2,6,0.333,0,1,0.0,5,8,13,3,2,0,3,3,18,11.9,-3
384,406,40,29.0,2020-01-13,29,ORL,@,SAC,W (+2),1,37,9,23,0.391,2,6,0.333,6,6,1.0,4,11,15,2,0,3,3,2,26,19.3,0
385,407,41,30.0,2020-01-15,29,ORL,@,LAL,W (+1),1,32,7,18,0.389,3,7,0.429,2,2,1.0,0,4,4,2,1,0,1,4,19,10.2,1
386,408,42,31.0,2020-01-16,29,ORL,@,LAC,L (-27),1,30,8,13,0.615,3,4,0.75,3,3,1.0,2,7,9,4,1,0,1,4,22,20.8,-13
387,409,43,32.0,2020-01-18,29,ORL,@,GSW,L (-14),1,33,6,19,0.316,1,5,0.2,0,0,,4,9,13,3,1,0,2,0,13,8.7,-18
388,410,44,33.0,2020-01-20,29,ORL,@,CHO,W (+23),1,31,11,21,0.524,2,5,0.4,0,0,,4,6,10,4,1,0,2,2,24,19.3,13
389,411,45,34.0,2020-01-22,29,ORL,,OKC,L (-6),1,35,10,20,0.5,3,7,0.429,1,1,1.0,3,8,11,5,3,1,2,5,24,21.7,-6
390,412,46,35.0,2020-01-24,29,ORL,,BOS,L (-11),1,34,6,18,0.333,2,7,0.286,3,3,1.0,1,11,12,4,1,0,3,3,17,10.4,-6
391,413,47,36.0,2020-01-26,29,ORL,,LAC,L (-15),1,26,5,14,0.357,0,5,0.0,3,3,1.0,2,4,6,5,0,0,3,6,13,5.9,-31
392,414,48,37.0,2020-01-27,29,ORL,@,MIA,L (-21),1,33,5,15,0.333,2,5,0.4,1,1,1.0,3,9,12,4,1,1,0,2,13,13.0,-16
393,415,49,38.0,2020-02-01,29,ORL,,MIA,L (-13),1,34,10,16,0.625,1,4,0.25,0,0,,1,8,9,4,0,2,1,3,21,18.9,-6
394,416,50,39.0,2020-02-03,29,ORL,@,CHO,W (+12),1,36,10,19,0.526,1,5,0.2,1,2,0.5,3,4,7,5,0,0,1,1,22,17.7,11
395,417,51,40.0,2020-02-05,29,ORL,@,BOS,L (-16),1,33,5,12,0.417,1,5,0.2,1,4,0.25,3,7,10,2,0,1,4,3,12,5.5,-11
396,418,52,41.0,2020-02-06,29,ORL,@,NYK,L (-2),1,34,9,13,0.692,3,4,0.75,4,5,0.8,2,6,8,3,1,3,4,3,25,22.3,-5
397,419,53,42.0,2020-02-08,29,ORL,,MIL,L (-16),1,35,10,20,0.5,0,7,0.0,1,2,0.5,3,11,14,6,0,2,2,1,21,19.2,-14
398,420,54,43.0,2020-02-10,29,ORL,,ATL,W (+9),1,33,10,15,0.667,4,6,0.667,0,1,0.0,2,7,9,9,0,1,0,1,24,27.2,4
399,421,55,44.0,2020-02-12,29,ORL,,DET,W (+4),1,40,9,21,0.429,1,7,0.143,0,0,,1,10,11,7,3,1,2,2,19,17.4,5
400,422,56,45.0,2020-02-21,29,ORL,,DAL,L (-16),1,37,12,27,0.444,1,7,0.143,2,2,1.0,4,8,12,1,4,1,0,1,27,23.1,-5
401,423,57,46.0,2020-02-24,29,ORL,@,BRK,W (+2),1,34,7,15,0.467,1,3,0.333,1,1,1.0,0,10,10,5,0,1,0,4,16,13.9,0
402,424,58,47.0,2020-02-26,29,ORL,@,ATL,W (+10),1,31,8,15,0.533,0,1,0.0,1,3,0.333,1,11,12,3,0,1,0,3,17,14.5,8
403,425,59,48.0,2020-02-28,29,ORL,,MIN,W (+11),1,34,12,18,0.667,0,4,0.0,3,4,0.75,0,10,10,5,0,1,1,3,27,23.8,8
404,426,60,49.0,2020-02-29,29,ORL,@,SAS,L (-1),1,36,7,16,0.438,0,3,0.0,2,2,1.0,1,8,9,1,0,0,5,1,16,6.0,-12
405,427,61,50.0,2020-03-02,29,ORL,,POR,L (-23),1,32,12,24,0.5,3,7,0.429,3,4,0.75,2,9,11,2,1,0,1,1,30,22.7,-25
406,428,62,51.0,2020-03-04,29,ORL,@,MIA,L (-3),1,40,9,16,0.563,1,3,0.333,3,3,1.0,0,16,16,7,0,1,1,0,22,23.8,7
407,429,63,52.0,2020-03-06,29,ORL,@,MIN,W (+14),1,36,12,21,0.571,1,2,0.5,3,3,1.0,3,10,13,4,1,0,3,3,28,22.8,23
408,430,64,53.0,2020-03-08,29,ORL,@,HOU,W (+20),1,33,5,12,0.417,0,0,,6,8,0.75,3,13,16,3,1,1,0,1,16,18.2,14
409,431,65,54.0,2020-03-10,29,ORL,@,MEM,W (+5),1,35,9,15,0.6,1,4,0.25,0,0,,1,10,11,7,0,0,1,4,19,18.1,-6
410,432,66,55.0,2020-07-31,29,ORL,@,BRK,W (+10),1,27,8,12,0.667,1,4,0.25,5,5,1.0,0,7,7,5,0,0,2,2,22,19.6,20
411,433,67,56.0,2020-08-02,29,ORL,,SAC,W (+16),1,24,9,14,0.643,2,3,0.667,3,4,0.75,2,10,12,2,2,0,0,1,23,23.8,23
412,434,68,57.0,2020-08-04,29,ORL,@,IND,L (-11),1,33,9,16,0.563,2,4,0.5,4,4,1.0,3,7,10,2,1,0,3,3,24,18.8,-7
413,435,69,58.0,2020-08-05,29,ORL,,TOR,L (-10),1,33,4,10,0.4,1,3,0.333,3,4,0.75,1,8,9,3,2,0,1,3,12,11.2,-7
414,436,70,59.0,2020-08-07,29,ORL,@,PHI,L (-7),1,35,9,18,0.5,2,6,0.333,1,2,0.5,1,11,12,3,1,0,1,1,21,17.3,1
415,437,71,60.0,2020-08-09,29,ORL,@,BOS,L (-3),1,38,11,27,0.407,3,11,0.273,1,2,0.5,2,9,11,1,0,0,2,2,26,13.1,-5
416,438,72,61.0,2020-08-11,29,ORL,,BRK,L (-12),1,21,5,15,0.333,2,5,0.4,0,0,,1,9,10,1,1,0,2,2,12,5.8,4
417,439,73,62.0,2020-08-13,29,ORL,,NOP,W (+6),1,26,10,11,0.909,3,4,0.75,0,0,,0,6,6,3,1,0,0,0,23,24.2,18
418,440,1,1.0,2020-08-18,29,ORL,@,MIL,W (+12),1,36,15,24,0.625,5,8,0.625,0,0,,3,11,14,4,1,0,5,3,35,27.2,14
419,441,2,2.0,2020-08-20,29,ORL,@,MIL,L (-15),1,35,13,23,0.565,2,8,0.25,4,4,1.0,2,8,10,2,0,1,3,2,32,23.2,-8
420,442,3,3.0,2020-08-22,29,ORL,,MIL,L (-14),1,36,8,19,0.421,2,8,0.25,2,2,1.0,1,4,5,2,2,0,3,3,20,11.0,-20
421,443,4,4.0,2020-08-24,29,ORL,,MIL,L (-15),1,38,11,20,0.55,6,10,0.6,3,3,1.0,1,10,11,7,0,2,1,3,31,29.2,-8
422,444,5,5.0,2020-08-29,29,ORL,@,MIL,L (-14),1,40,9,25,0.36,3,10,0.3,1,2,0.5,2,13,15,5,1,0,1,2,22,15.7,-26
423,445,1,1.0,2020-12-23,30,ORL,,MIA,W (+6),1,34,5,13,0.385,3,5,0.6,2,8,0.25,2,9,11,3,1,1,2,0,15,11.4,0
424,446,2,2.0,2020-12-26,30,ORL,@,WAS,W (+10),1,31,8,20,0.4,2,7,0.286,4,4,1.0,3,14,17,3,2,0,3,1,22,18.2,5
425,447,3,3.0,2020-12-27,30,ORL,@,WAS,W (+7),1,28,5,11,0.455,1,4,0.25,4,4,1.0,0,8,8,4,2,0,0,2,15,15.7,-11
426,448,4,4.0,2020-12-29,30,ORL,@,OKC,W (+11),1,34,12,18,0.667,3,4,0.75,1,1,1.0,3,7,10,5,1,0,1,0,28,27.9,11
427,449,5,5.0,2020-12-31,30,ORL,,PHI,L (-24),1,24,8,15,0.533,3,6,0.5,0,0,,2,8,10,3,0,0,0,3,19,16.4,-29
428,450,6,6.0,2021-01-02,30,ORL,,OKC,L (-9),1,35,13,21,0.619,4,7,0.571,0,0,,2,11,13,2,0,0,1,1,30,25.2,-7
429,451,7,7.0,2021-01-04,30,ORL,,CLE,W (+20),1,31,9,16,0.563,2,5,0.4,3,3,1.0,2,6,8,2,2,3,0,0,23,24.1,12
430,452,8,8.0,2021-01-06,30,ORL,,CLE,W (+11),1,34,7,18,0.389,1,5,0.2,1,1,1.0,0,7,7,6,0,1,2,2,16,10.4,1
431,453,9,9.0,2021-01-08,30,ORL,@,HOU,L (-42),1,30,8,19,0.421,3,7,0.429,3,3,1.0,3,9,12,3,1,0,0,0,22,19.8,-18
432,454,10,10.0,2021-01-09,30,ORL,@,DAL,L (-14),1,33,14,24,0.583,2,7,0.286,0,0,,3,12,15,2,2,0,0,3,30,26.7,-7
433,455,11,11.0,2021-01-11,30,ORL,,MIL,L (-22),1,32,11,24,0.458,4,9,0.444,2,2,1.0,5,8,13,5,0,0,4,1,28,20.6,-10
434,456,12,12.0,2021-01-15,30,ORL,@,BOS,L (-27),1,26,6,13,0.462,1,4,0.25,2,2,1.0,2,4,6,4,2,0,1,2,15,13.9,-19
435,457,13,13.0,2021-01-16,30,ORL,@,BRK,L (-7),1,36,14,22,0.636,6,12,0.5,0,0,,4,6,10,7,5,0,4,4,34,33.1,0
436,458,14,14.0,2021-01-18,30,ORL,@,NYK,L (-7),1,36,10,16,0.625,2,5,0.4,2,2,1.0,2,12,14,0,0,2,0,3,24,22.0,-3
437,459,15,15.0,2021-01-20,30,ORL,@,MIN,W (+1),1,43,11,27,0.407,3,7,0.429,3,4,0.75,3,5,8,4,1,2,0,2,28,21.1,10
438,460,16,16.0,2021-01-22,30,ORL,@,IND,L (-2),1,41,10,29,0.345,4,9,0.444,0,0,,3,9,12,2,2,0,3,3,24,11.7,-10
439,461,17,17.0,2021-01-24,30,ORL,,CHO,L (-3),1,35,9,22,0.409,2,5,0.4,2,2,1.0,1,12,13,4,0,0,3,3,22,13.1,0
440,462,18,18.0,2021-01-25,30,ORL,,CHO,W (+9),1,36,11,23,0.478,4,7,0.571,2,2,1.0,2,10,12,7,1,0,3,3,28,22.4,-1
441,463,19,19.0,2021-01-27,30,ORL,,SAC,L (-14),1,33,11,18,0.611,2,2,1.0,2,2,1.0,2,7,9,2,0,0,1,0,26,21.7,-23
442,464,20,20.0,2021-01-29,30,ORL,,LAC,L (-26),1,29,4,13,0.308,2,4,0.5,0,0,,2,4,6,1,0,0,3,2,10,2.0,-27
443,465,21,21.0,2021-01-31,30,ORL,@,TOR,L (-13),1,35,5,18,0.278,2,6,0.333,3,3,1.0,0,14,14,4,2,1,3,1,15,10.7,-20
444,466,22,22.0,2021-02-02,30,ORL,,TOR,L (-15),1,37,9,19,0.474,2,7,0.286,1,1,1.0,3,15,18,4,0,0,2,3,21,17.5,-14
445,467,23,23.0,2021-02-05,30,ORL,,CHI,W (+4),1,37,17,29,0.586,4,10,0.4,5,6,0.833,3,16,19,4,0,1,1,2,43,37.7,10
446,468,24,24.0,2021-02-06,30,ORL,,CHI,L (-26),1,24,7,17,0.412,1,5,0.2,2,2,1.0,2,6,8,1,1,2,3,1,17,10.8,-41
447,469,25,25.0,2021-02-09,30,ORL,@,POR,L (-9),1,41,10,21,0.476,2,7,0.286,5,9,0.556,2,13,15,4,2,2,1,2,27,24.4,-5
448,470,26,26.0,2021-02-11,30,ORL,@,GSW,L (-6),1,38,8,23,0.348,3,6,0.5,6,6,1.0,1,12,13,5,0,0,3,3,25,15.7,-19
449,471,27,27.0,2021-02-12,30,ORL,@,SAC,W (+11),1,34,17,22,0.773,6,8,0.75,2,3,0.667,1,8,9,4,2,0,1,1,42,39.5,9
450,472,28,28.0,2021-02-14,30,ORL,@,PHO,L (-19),1,28,4,14,0.286,1,4,0.25,5,6,0.833,0,10,10,0,2,1,2,0,14,9.1,-20
451,473,29,29.0,2021-02-17,30,ORL,,NYK,W (+18),1,38,8,24,0.333,0,7,0.0,0,0,,2,14,16,5,1,0,2,2,16,9.7,2
452,474,30,30.0,2021-02-19,30,ORL,,GSW,W (+4),1,39,13,23,0.565,2,8,0.25,2,2,1.0,0,16,16,10,1,1,0,1,30,32.2,25
453,475,31,31.0,2021-02-21,30,ORL,,DET,W (+9),1,36,14,27,0.519,2,6,0.333,7,7,1.0,0,12,12,3,1,2,1,2,37,30.0,16
454,476,32,32.0,2021-02-23,30,ORL,,DET,L (-12),1,33,9,22,0.409,2,8,0.25,0,0,,1,8,9,4,0,2,1,1,20,14.1,-18
455,477,33,33.0,2021-02-25,30,ORL,@,BRK,L (-37),1,32,12,23,0.522,3,7,0.429,1,1,1.0,2,10,12,2,0,0,4,1,28,18.1,-23
456,478,34,34.0,2021-02-27,30,ORL,,UTA,L (-15),1,35,14,26,0.538,5,7,0.714,1,1,1.0,1,7,8,4,1,1,1,4,34,26.1,-10
457,479,35,35.0,2021-03-01,30,ORL,,DAL,L (-6),1,35,12,24,0.5,5,8,0.625,0,0,,2,13,15,8,0,0,2,1,29,25.5,10
458,480,36,36.0,2021-03-03,30,ORL,,ATL,L (-3),1,36,10,21,0.476,2,8,0.25,7,7,1.0,3,6,9,3,1,1,2,2,29,23.2,-4
459,481,37,37.0,2021-03-11,30,ORL,@,MIA,L (-8),1,34,10,20,0.5,2,7,0.286,2,2,1.0,3,14,17,3,0,0,2,2,24,19.6,-8
460,482,38,38.0,2021-03-12,30,ORL,@,SAS,L (-27),1,29,12,18,0.667,2,2,1.0,0,0,,3,6,9,3,0,0,4,1,26,19.8,-4
461,483,39,39.0,2021-03-14,30,ORL,,MIA,L (-5),1,38,15,27,0.556,6,13,0.462,2,3,0.667,1,9,10,6,2,0,7,3,38,26.1,-10
462,484,40,40.0,2021-03-18,30,ORL,@,NYK,L (-1),1,36,8,20,0.4,1,6,0.167,0,0,,3,13,16,4,1,2,4,3,17,12.2,-4
463,485,41,41.0,2021-03-19,30,ORL,,BRK,W (+8),1,38,8,24,0.333,2,8,0.25,4,6,0.667,1,13,14,8,2,1,4,4,22,14.9,7
464,486,42,42.0,2021-03-21,30,ORL,@,BOS,L (-16),1,37,9,20,0.45,3,6,0.5,1,2,0.5,3,10,13,3,0,0,0,1,22,18.0,-18
465,487,43,43.0,2021-03-23,30,ORL,,DEN,L (-11),1,34,8,25,0.32,2,8,0.25,0,0,,1,6,7,2,0,1,1,1,18,6.9,-8
466,488,44,44.0,2021-03-24,30,ORL,,PHO,W (+1),1,34,11,19,0.579,3,5,0.6,2,3,0.667,3,11,14,4,1,1,1,2,27,25.8,-5
467,489,45,45.0,2021-03-27,30,CHI,@,SAS,L (-16),1,32,9,16,0.563,2,4,0.5,1,1,1.0,2,7,9,3,0,0,0,4,21,17.4,-24
468,490,46,46.0,2021-03-29,30,CHI,@,GSW,L (-14),1,27,9,13,0.692,0,4,0.0,3,3,1.0,1,8,9,6,0,1,2,3,21,20.3,-3
469,491,47,47.0,2021-03-31,30,CHI,@,PHO,L (-5),1,34,8,18,0.444,2,4,0.5,6,6,1.0,3,7,10,3,2,1,0,1,24,23.2,-6
470,492,48,48.0,2021-04-02,30,CHI,@,UTA,L (-7),1,29,5,14,0.357,1,5,0.2,5,6,0.833,1,7,8,4,0,1,0,2,16,13.3,-9
471,493,49,49.0,2021-04-04,30,CHI,,BRK,W (+8),1,32,10,17,0.588,1,4,0.25,1,2,0.5,1,12,13,2,2,2,1,2,22,21.0,12
472,494,50,50.0,2021-04-06,30,CHI,@,IND,W (+16),1,35,14,29,0.483,4,7,0.571,0,0,,5,11,16,5,0,1,4,4,32,22.7,6
473,495,51,51.0,2021-04-08,30,CHI,@,TOR,W (+9),1,32,9,19,0.474,3,6,0.5,1,1,1.0,2,5,7,4,1,0,2,2,22,16.2,-5
474,496,52,52.0,2021-04-09,30,CHI,@,ATL,L (-12),1,36,11,19,0.579,3,5,0.6,0,0,,3,7,10,2,1,0,3,0,25,19.7,-14
475,497,53,53.0,2021-04-11,30,CHI,@,MIN,L (-4),1,27,7,13,0.538,2,3,0.667,2,2,1.0,2,3,5,5,0,3,2,3,18,16.4,-14
476,498,54,54.0,2021-04-12,30,CHI,@,MEM,L (-11),1,33,7,19,0.368,3,7,0.429,0,1,0.0,1,9,10,1,5,1,0,2,17,15.1,-19
477,499,55,55.0,2021-04-14,30,CHI,,ORL,L (-9),1,34,11,20,0.55,5,8,0.625,2,2,1.0,1,10,11,1,1,2,0,3,29,25.0,-4
478,500,56,56.0,2021-04-16,30,CHI,,MEM,L (-11),1,33,9,22,0.409,3,7,0.429,3,4,0.75,5,9,14,6,0,0,0,3,24,21.0,-15
479,501,57,57.0,2021-04-17,30,CHI,,CLE,W (+10),1,33,10,17,0.588,3,5,0.6,2,2,1.0,1,6,7,5,2,0,1,2,25,23.3,16
480,502,58,58.0,2021-04-19,30,CHI,@,BOS,W (+6),1,32,13,23,0.565,3,6,0.5,0,0,,4,5,9,2,2,1,2,1,29,24.1,5
481,503,59,59.0,2021-04-21,30,CHI,@,CLE,L (-16),1,25,4,12,0.333,1,5,0.2,0,0,,1,4,5,2,1,0,5,2,9,0.7,-23
482,504,60,60.0,2021-04-22,30,CHI,,CHO,W (+17),1,29,8,13,0.615,1,4,0.25,1,1,1.0,1,15,16,6,0,0,2,0,18,19.5,24
483,505,61,61.0,2021-04-24,30,CHI,@,MIA,L (-5),1,39,11,18,0.611,2,6,0.333,2,3,0.667,2,12,14,6,0,0,2,1,26,24.2,-2
484,506,62,62.0,2021-04-26,30,CHI,@,MIA,W (+8),1,35,9,15,0.6,4,5,0.8,2,2,1.0,1,10,11,2,1,0,4,4,24,17.6,10
485,507,63,63.0,2021-04-28,30,CHI,@,NYK,L (-19),1,37,10,22,0.455,3,7,0.429,3,4,0.75,2,16,18,3,0,2,3,2,26,20.1,-9
486,508,64,64.0,2021-04-30,30,CHI,,MIL,L (-10),1,36,7,27,0.259,1,9,0.111,2,2,1.0,3,12,15,4,1,1,0,2,17,10.3,-8
487,511,67,65.0,2021-05-06,30,CHI,@,CHO,W (+21),1,31,12,24,0.5,5,7,0.714,0,0,,6,8,14,3,2,1,1,2,29,26.6,14
488,512,68,66.0,2021-05-07,30,CHI,,BOS,W (+22),1,32,7,16,0.438,2,5,0.4,2,2,1.0,4,10,14,10,2,1,4,2,18,20.3,12
489,513,69,67.0,2021-05-09,30,CHI,@,DET,W (+12),1,36,14,27,0.519,1,8,0.125,0,0,,3,13,16,2,0,1,0,4,29,22.2,0
490,514,70,68.0,2021-05-11,30,CHI,,BRK,L (-8),1,36,5,18,0.278,2,6,0.333,0,0,,2,10,12,6,0,0,1,1,12,8.6,1
491,515,71,69.0,2021-05-13,30,CHI,,TOR,W (+12),1,32,7,19,0.368,2,7,0.286,0,0,,0,16,16,6,0,0,2,2,16,11.7,3
492,516,72,70.0,2021-05-15,30,CHI,@,BRK,L (-14),1,30,4,18,0.222,0,8,0.0,2,2,1.0,2,9,11,3,0,1,2,4,10,2.3,-11
